old_path,new_path,title
/blog/f/the-breath-taught-me-how-to-come-home-to-myself,/resources/blog/the-breath-taught-me-how-to-come-home-to-myself/,The Breath Taught Me How to Come Home to Myself
/blog/f/from-numb-to-alive-reawakening-through-the-breath,/resources/blog/from-numb-to-alive-reawakening-through-the-breath/,From Numb to Alive: Reawakening Through the Breath
/blog/f/breathing-into-grief,/resources/blog/breathing-into-grief/,Breathing into Grief
/blog/f/the-fear-of-being-seen,/resources/blog/the-fear-of-being-seen/,The Fear of Being Seen
/blog/f/meeting-resistance-with-breath-a-new-way-through,/resources/blog/meeting-resistance-with-breath-a-new-way-through/,Meeting Resistance with Breath: A New Way Through
/blog/f/the-role-of-breath-in-mindset-shifts,/resources/blog/the-role-of-breath-in-mindset-shifts/,The Role of Breath in Mindset Shifts
/blog/f/the-emotional-body-how-clarity-breathwork%E2%84%A2,/resources/blog/the-emotional-body-how-clarity-breathwork/,The Emotional Body: How Clarity Breathwork™
/blog/f/breaking-the-cycle-how-clarity-breathwork%E2%84%A2,/resources/blog/breaking-the-cycle-how-clarity-breathwork/,Breaking the Cycle: How Clarity Breathwork™
/blog/f/the-breath-and-the-nervous-system-how-clarity-breathwork%E2%84%A2-calms,/resources/blog/the-breath-and-the-nervous-system-how-clarity-breathwork-calms/,The Breath and the Nervous System: How Clarity Breathwork™ Calms
/blog/f/the-power-of-clarity-breathwork%E2%84%A2-in-letting-go-of-control-and-sur,/resources/blog/the-power-of-clarity-breathwork-in-letting-go-of-control-and-sur/,The Power of Clarity Breathwork™ in Letting Go of Control...
/blog/f/breathwork-creativity-unlocking-inspiration-through,/resources/blog/breathwork-creativity-unlocking-inspiration-through/,Breathwork & Creativity: Unlocking Inspiration Through...
/blog/f/release-renew-how-clarity-breathwork%E2%84%A2-frees-stuck-emotions,/resources/blog/release-renew-how-clarity-breathwork-frees-stuck-emotions/,Release & Renew: How Clarity Breathwork™ Frees Stuck Emotions
/blog/f/the-science-of-breath-how-clarity-breathwork%E2%84%A2-transforms-stress,/resources/blog/the-science-of-breath-how-clarity-breathwork-transforms-stress/,The Science of Breath: How Clarity Breathwork™ Transforms Stress
/blog/f/functional-breathing-vs-pranayama-vs-clarity-breathwork%E2%84%A2,/resources/blog/functional-breathing-vs-pranayama-vs-clarity-breathwork/,Functional Breathing vs. Pranayama vs. Clarity Breathwork™
/blog/f/how-to-prepare-for-your-first-breathwork-session-what-to-expect,/resources/blog/how-to-prepare-for-your-first-breathwork-session-what-to-expect/,Breathwork and Spiritual Awakening
/blog/f/let-go-of-the-past-and-embrace-a-brighter-future-through-clarity,/resources/blog/let-go-of-the-past-and-embrace-a-brighter-future-through-clarity/,Let Go of the Past and Embrace a Brighter Future Through Clarity
/blog/f/how-to-prepare-for-your-first-breathwork-session-what-to-expect-1,/resources/blog/how-to-prepare-for-your-first-breathwork-session-what-to-expect-1/,How to prepare for your first Breathwork Session: What to expect
/blog/f/why-choose-clarity-breathwork%E2%84%A2-for-personal-growth-and-healing,/resources/blog/why-choose-clarity-breathwork-for-personal-growth-and-healing/,Why Choose Clarity Breathwork™ for Personal Growth and Healing
/blog/f/unlock-the-full-potential-of-your-breathwork-practice,/resources/blog/unlock-the-full-potential-of-your-breathwork-practice/,Unlock the Full Potential of Your Breathwork Practice
/blog/f/how-tulums-breathwork-sessions-can-transform-your-stress,/resources/blog/how-tulums-breathwork-sessions-can-transform-your-stress/,How Breathwork Sessions in Tulum Can Transform Your Stress
/blog/f/overcoming-fear-and-anxiety-with-clarity-breathwork%E2%84%A2,/resources/blog/overcoming-fear-and-anxiety-with-clarity-breathwork/,Overcoming Fear and Anxiety with Clarity Breathwork™
/blog/f/overcoming-fear-of-the-unknown-with-clarity-breathwork%E2%84%A2,/resources/blog/overcoming-fear-of-the-unknown-with-clarity-breathwork/,Overcoming Fear of the Unknown with Clarity Breathwork™
/blog/f/the-best-breathwork-retreats-in-tulum-for-busy-professionals,/resources/blog/the-best-breathwork-retreats-in-tulum-for-busy-professionals/,The Best Breathwork Retreats in Tulum for Busy Professionals
/blog/f/breathwork-is-the-ultimate-wellness-experience-for-entrepreneurs,/resources/blog/breathwork-is-the-ultimate-wellness-experience-for-entrepreneurs/,Breathwork Is the Ultimate Wellness Experience for Entrepreneurs
/blog/f/why-breathwork-is-essential-for-entrepreneurs-and-professionals,/resources/blog/why-breathwork-is-essential-for-entrepreneurs-and-professionals/,Why Breathwork Is Essential for Entrepreneurs and Professionals
/blog/f/retreats-and-ceremonies-a-holistic-transformation-in-tulum,/resources/blog/retreats-and-ceremonies-a-holistic-transformation-in-tulum/,Retreats and Ceremonies: A Holistic Transformation in Tulum
/blog/f/breathwork-tulum-reconnect-with-your-essence,/resources/blog/breathwork-tulum-reconnect-with-your-essence/,Breathwork Tulum: Reconnect with Your Essence
/blog/f/group-breathwork-retreats-collective-healing-in-tulum,/resources/blog/group-breathwork-retreats-collective-healing-in-tulum/,"""Group Breathwork Retreats: Collective Healing in Tulum"""
/blog/f/how-can-i-reconnect-with-my-spirituality-1,/resources/blog/how-can-i-reconnect-with-my-spirituality-1/,How Can I Reconnect with My Spirituality?
/blog/f/personalized-breathwork-retreats-%E2%80%93-a-path-to-your-true-self,/resources/blog/personalized-breathwork-retreats-a-path-to-your-true-self/,Personalized Breathwork Retreats – A Path to Your True Self
/blog/f/how-can-i-unlock-my-inner-potential,/resources/blog/how-can-i-unlock-my-inner-potential/,How Can I Unlock My Inner Potential?
/blog/f/how-can-i-reconnect-with-myself,/resources/blog/how-can-i-reconnect-with-myself/,How Can I Reconnect with Myself?
/blog/f/do-you-struggle-to-fall-asleep-unlock-the-power-of-deep-sleep,/resources/blog/do-you-struggle-to-fall-asleep-unlock-the-power-of-deep-sleep/,Do You Struggle to Fall Asleep? Unlock the Power of Deep Sleep
/blog/f/how-to-reduce-my-work-stress-a-practical-guide,/resources/blog/how-to-reduce-my-work-stress-a-practical-guide/,How to Reduce My Work Stress: A Practical Guide
